Batchnumber,D loss,Dec loss,G loss,ber loss
0,0.691779613494873,0.6931463479995728,0.694593608379364,tensor([0.4989])
1,0.6914640069007874,0.6931471824645996,0.694496214389801,tensor([0.5004])
2,0.6908320784568787,0.6931459903717041,0.6946737170219421,tensor([0.4985])
3,0.6903246641159058,0.6931492686271667,0.6945321559906006,tensor([0.5027])
4,0.6895950436592102,0.693145751953125,0.694449782371521,tensor([0.4974])
5,0.6884676814079285,0.6931480765342712,0.6945353746414185,tensor([0.5012])
6,0.6870197057723999,0.693146824836731,0.6945345997810364,tensor([0.4996])
7,0.6850199699401855,0.6931471228599548,0.6945191621780396,tensor([0.4967])
8,0.6833537817001343,0.6931477785110474,0.6944167613983154,tensor([0.5038])
9,0.6800546646118164,0.6931465268135071,0.6945533156394958,tensor([0.4952])
10,0.6761044263839722,0.6931471824645996,0.6946542263031006,tensor([0.5005])
11,0.6734595894813538,0.6931452751159668,0.6944674849510193,tensor([0.4924])
12,0.6690110564231873,0.6931464672088623,0.6944601535797119,tensor([0.4980])
13,0.6633320450782776,0.6931463479995728,0.6945378184318542,tensor([0.4980])
14,0.6601272821426392,0.693148136138916,0.6944577097892761,tensor([0.5023])
15,0.6543939709663391,0.693149209022522,0.6946313381195068,tensor([0.5078])
16,0.6509169936180115,0.6931455135345459,0.6945615410804749,tensor([0.4938])
17,0.6480158567428589,0.6931477785110474,0.6945044994354248,tensor([0.5016])
18,0.6446146368980408,0.6931461691856384,0.6945320963859558,tensor([0.4968])
19,0.6420691013336182,0.6931484937667847,0.6944229602813721,tensor([0.5037])
20,0.6404281854629517,0.693146824836731,0.6944365501403809,tensor([0.4992])
21,0.6377155184745789,0.6931470036506653,0.6944806575775146,tensor([0.4990])
22,0.6350468993186951,0.693146824836731,0.6945620179176331,tensor([0.4990])
23,0.6351569890975952,0.6931443214416504,0.6945975422859192,tensor([0.4935])
24,0.6361029148101807,0.6931471824645996,0.694411039352417,tensor([0.5000])
25,0.6326344013214111,0.693145751953125,0.6946603059768677,tensor([0.4974])
26,0.6322958469390869,0.6931490302085876,0.6944766044616699,tensor([0.5033])
27,0.6320046782493591,0.6931475400924683,0.6945586204528809,tensor([0.5009])
28,0.6303243637084961,0.693149209022522,0.6944080591201782,tensor([0.5057])
29,0.6313998699188232,0.6931482553482056,0.6944152116775513,tensor([0.5051])
30,0.6304728984832764,0.6931474208831787,0.6945721507072449,tensor([0.5034])
31,0.6299942135810852,0.6931471824645996,0.6943267583847046,tensor([0.4985])
32,0.6294271945953369,0.6931470036506653,0.6944347023963928,tensor([0.4982])
33,0.628878116607666,0.6931469440460205,0.6944738626480103,tensor([0.4940])
34,0.6276856064796448,0.6931468844413757,0.6946492195129395,tensor([0.4989])
35,0.6296968460083008,0.6931477785110474,0.6944565773010254,tensor([0.5044])
36,0.6281237602233887,0.6931467056274414,0.6946604251861572,tensor([0.4979])
37,0.6274389624595642,0.6931460499763489,0.6945751309394836,tensor([0.4937])
38,0.6274997591972351,0.6931470036506653,0.6943936347961426,tensor([0.4984])
39,0.6283557415008545,0.6931483745574951,0.6944077610969543,tensor([0.5012])
40,0.6283150315284729,0.6931455135345459,0.6944236159324646,tensor([0.4984])
41,0.6280345916748047,0.6931487917900085,0.6943264603614807,tensor([0.5008])
42,0.62704998254776,0.6931445598602295,0.6944134831428528,tensor([0.4979])
43,0.6274938583374023,0.6931470632553101,0.6944461464881897,tensor([0.4936])
44,0.6266469955444336,0.6931484937667847,0.6943667531013489,tensor([0.5037])
45,0.6256167888641357,0.6931470632553101,0.6945847272872925,tensor([0.4995])
46,0.6248823404312134,0.6931461691856384,0.6945807337760925,tensor([0.4972])
47,0.6266447305679321,0.693148136138916,0.6943713426589966,tensor([0.5028])
48,0.6248899698257446,0.6931444406509399,0.69460129737854,tensor([0.4930])
49,0.6240788102149963,0.6931502223014832,0.694534420967102,tensor([0.5078])
50,0.6248444318771362,0.6931467652320862,0.6946248412132263,tensor([0.4987])
51,0.6248359680175781,0.693146824836731,0.6944974660873413,tensor([0.4988])
52,0.625847339630127,0.6931476593017578,0.6942736506462097,tensor([0.5011])
53,0.6252274513244629,0.6931459307670593,0.6945553421974182,tensor([0.4966])
54,0.6247378587722778,0.6931477785110474,0.6943241357803345,tensor([0.5016])
55,0.6231785416603088,0.6931489706039429,0.6944438815116882,tensor([0.5059])
56,0.6240401268005371,0.6931478977203369,0.6944572925567627,tensor([0.5042])
57,0.6236898899078369,0.6931464672088623,0.694555938243866,tensor([0.4953])
58,0.6234739422798157,0.6931464076042175,0.6946004033088684,tensor([0.4969])
59,0.6236088275909424,0.6931471824645996,0.6943883895874023,tensor([0.4999])
60,0.6238950490951538,0.6931476593017578,0.6942873001098633,tensor([0.5018])
61,0.6229182481765747,0.6931483149528503,0.6943538188934326,tensor([0.5067])
62,0.6232563853263855,0.6931472420692444,0.6944424510002136,tensor([0.5026])
63,0.6218798160552979,0.6931471228599548,0.6946004033088684,tensor([0.4970])
64,0.6222549080848694,0.6931471824645996,0.6944745182991028,tensor([0.5001])
65,0.6221546530723572,0.6931467056274414,0.6944310665130615,tensor([0.4960])
66,0.6214507818222046,0.693146824836731,0.6945289969444275,tensor([0.4984])
67,0.622268795967102,0.6931463479995728,0.6944999694824219,tensor([0.4969])
68,0.6214653253555298,0.6931469440460205,0.6944923996925354,tensor([0.4993])
69,0.6207281351089478,0.6931489706039429,0.6944973468780518,tensor([0.5082])
70,0.6229981780052185,0.6931471824645996,0.6943933367729187,tensor([0.4985])
71,0.6227784156799316,0.6931474208831787,0.6943496465682983,tensor([0.5018])
72,0.6216240525245667,0.6931471824645996,0.6944162249565125,tensor([0.4995])
73,0.6204442977905273,0.693146288394928,0.6944609880447388,tensor([0.4946])
74,0.6209409236907959,0.6931462287902832,0.694527804851532,tensor([0.4968])
75,0.6215227842330933,0.6931478977203369,0.6943475008010864,tensor([0.5021])
76,0.6226881146430969,0.6931447386741638,0.6942497491836548,tensor([0.4935])
77,0.6208332777023315,0.6931473016738892,0.6943346261978149,tensor([0.5003])
78,0.6201485991477966,0.6931458711624146,0.6945971846580505,tensor([0.4971])
79,0.621490478515625,0.693145215511322,0.6944026947021484,tensor([0.4964])
80,0.6205926537513733,0.6931478381156921,0.6944365501403809,tensor([0.5009])
81,0.6199097633361816,0.6931451559066772,0.6945053935050964,tensor([0.4967])
82,0.6193000078201294,0.6931501626968384,0.694532036781311,tensor([0.5047])
83,0.6189543008804321,0.6931474804878235,0.694486677646637,tensor([0.5005])
84,0.6218851208686829,0.6931412220001221,0.6944208741188049,tensor([0.4909])
85,0.6207631826400757,0.6931513547897339,0.694459080696106,tensor([0.5057])
86,0.6200664639472961,0.693145751953125,0.6944292187690735,tensor([0.4977])
87,0.6189353466033936,0.6931467056274414,0.6945735216140747,tensor([0.4993])
88,0.6185793280601501,0.6931440830230713,0.6945347189903259,tensor([0.4958])
89,0.6192256212234497,0.6931493282318115,0.6944596767425537,tensor([0.5026])
90,0.6195788383483887,0.6931460499763489,0.6944711804389954,tensor([0.4984])
91,0.6190521717071533,0.693145215511322,0.6944747567176819,tensor([0.4974])
92,0.6182627081871033,0.6931487321853638,0.6944994330406189,tensor([0.5018])
93,0.6181901693344116,0.693148136138916,0.6945281624794006,tensor([0.5011])
94,0.6182284355163574,0.6931466460227966,0.6946575045585632,tensor([0.4993])
95,0.6188342571258545,0.693143904209137,0.6944339275360107,tensor([0.4960])
96,0.6192852258682251,0.6931471824645996,0.6944952607154846,tensor([0.4999])
97,0.6188785433769226,0.6931464672088623,0.6943796873092651,tensor([0.4991])
98,0.6182329654693604,0.6931438446044922,0.6945304870605469,tensor([0.4963])
99,0.6186953186988831,0.6931459307670593,0.694377064704895,tensor([0.4987])
100,0.618330717086792,0.6931487321853638,0.6944388747215271,tensor([0.5013])
101,0.6170645356178284,0.6931465864181519,0.6945677399635315,tensor([0.4993])
102,0.617745578289032,0.6931366920471191,0.6945260763168335,tensor([0.4908])
103,0.6181290149688721,0.6931478977203369,0.694449245929718,tensor([0.5004])
104,0.6189552545547485,0.69315105676651,0.6943545341491699,tensor([0.5029])
105,0.6176186800003052,0.6931391358375549,0.694342315196991,tensor([0.4936])
106,0.6189354658126831,0.6931445598602295,0.6943310499191284,tensor([0.4979])
107,0.6175342798233032,0.693138837814331,0.6944687962532043,tensor([0.4943])
108,0.6177588105201721,0.6931488513946533,0.6943926215171814,tensor([0.5009])
109,0.6181116104125977,0.6931463479995728,0.6943349838256836,tensor([0.4992])
110,0.6173938512802124,0.6931421756744385,0.6944152116775513,tensor([0.4968])
111,0.6175545454025269,0.6931531429290771,0.6944046020507812,tensor([0.5034])
112,0.6184208989143372,0.6931372284889221,0.6944690942764282,tensor([0.4938])
113,0.617368221282959,0.6931494474411011,0.6943959593772888,tensor([0.5011])
114,0.6171582937240601,0.6931445598602295,0.6945057511329651,tensor([0.4983])
115,0.6167160868644714,0.6931501626968384,0.6944177746772766,tensor([0.5015])
116,0.6174986362457275,0.6931478977203369,0.6944270133972168,tensor([0.5002])
117,0.6172059178352356,0.6931519508361816,0.6944612860679626,tensor([0.5028])
118,0.6174198389053345,0.6931443214416504,0.6943549513816833,tensor([0.4980])
119,0.6175571084022522,0.6931512355804443,0.694390594959259,tensor([0.5024])
120,0.6164669990539551,0.6931321620941162,0.6944162845611572,tensor([0.4907])
121,0.6158353090286255,0.6931633949279785,0.6946651935577393,tensor([0.5096])
122,0.6170921325683594,0.6931452751159668,0.6943147778511047,tensor([0.4985])
123,0.6162505745887756,0.6931458711624146,0.6942561864852905,tensor([0.4989])
124,0.6151208877563477,0.6931440234184265,0.6944911479949951,tensor([0.4977])
125,0.6175864934921265,0.693139910697937,0.6944570541381836,tensor([0.4954])
126,0.6157745122909546,0.6931538581848145,0.6944690346717834,tensor([0.5038])
127,0.6153007745742798,0.6931483745574951,0.6944902539253235,tensor([0.5005])
128,0.6160601377487183,0.6931400895118713,0.6943820714950562,tensor([0.4954])
129,0.6156545877456665,0.6931445598602295,0.6943709850311279,tensor([0.4983])
130,0.6155078411102295,0.6931425929069519,0.6944755911827087,tensor([0.4972])
131,0.6167627573013306,0.6931482553482056,0.6942997574806213,tensor([0.5004])
132,0.6164491176605225,0.6931441426277161,0.6943151354789734,tensor([0.4981])
133,0.6154330968856812,0.6931462287902832,0.6943981051445007,tensor([0.4993])
134,0.6153106093406677,0.6931390166282654,0.694559633731842,tensor([0.4955])
135,0.6149094700813293,0.6931518912315369,0.694448709487915,tensor([0.5021])
136,0.6149885654449463,0.6931498050689697,0.6944248080253601,tensor([0.5012])
137,0.6158180236816406,0.6931410431861877,0.6942424774169922,tensor([0.4965])
138,0.6153700351715088,0.6931419372558594,0.6944243311882019,tensor([0.4972])
139,0.6147858500480652,0.6931370496749878,0.6945123076438904,tensor([0.4949])
140,0.6142162084579468,0.6931571960449219,0.6945332288742065,tensor([0.5044])
141,0.6163196563720703,0.693140983581543,0.6942796111106873,tensor([0.4968])
142,0.614322304725647,0.6931653022766113,0.694443941116333,tensor([0.5089])
143,0.6150718927383423,0.6931605339050293,0.6944093704223633,tensor([0.5078])
144,0.6142812967300415,0.6931435465812683,0.6944292187690735,tensor([0.4974])
145,0.6147907972335815,0.6931463479995728,0.694479763507843,tensor([0.4992])
146,0.615757405757904,0.6931480765342712,0.69437175989151,tensor([0.5004])
147,0.614930272102356,0.6931558847427368,0.6944221258163452,tensor([0.5059])
148,0.6142332553863525,0.6931474208831787,0.6943953037261963,tensor([0.5000])
149,0.6143112182617188,0.6931444406509399,0.6944878101348877,tensor([0.4978])
150,0.6141806840896606,0.6931487321853638,0.6945706009864807,tensor([0.5009])
151,0.6150614023208618,0.6931439638137817,0.6943491697311401,tensor([0.4976])
152,0.615286648273468,0.6931455135345459,0.6944172382354736,tensor([0.4987])
153,0.6151242256164551,0.693144679069519,0.6943988800048828,tensor([0.4981])
154,0.614045262336731,0.6931488513946533,0.6944612264633179,tensor([0.5009])
155,0.6146766543388367,0.6931514739990234,0.6943508982658386,tensor([0.5029])
156,0.6142512559890747,0.6931378841400146,0.6943797469139099,tensor([0.4934])
157,0.6136847734451294,0.6931408643722534,0.6944966316223145,tensor([0.4960])
158,0.6145488023757935,0.6931513547897339,0.6944578886032104,tensor([0.5023])
159,0.6148868799209595,0.6931540966033936,0.6942452192306519,tensor([0.5043])
160,0.6147081851959229,0.6931536197662354,0.694351315498352,tensor([0.5045])
161,0.6133833527565002,0.6931489706039429,0.6943846940994263,tensor([0.5013])
162,0.6143226027488708,0.6931542158126831,0.6943913698196411,tensor([0.5064])
163,0.6143301725387573,0.6931496858596802,0.6943111419677734,tensor([0.5026])
164,0.6141555309295654,0.6931529641151428,0.6943252682685852,tensor([0.5084])
165,0.6143295764923096,0.693146824836731,0.6943604946136475,tensor([0.4992])
166,0.6138560175895691,0.6931436061859131,0.6943802833557129,tensor([0.4943])
167,0.6133858561515808,0.693142294883728,0.6945798993110657,tensor([0.4941])
168,0.6132922768592834,0.6931494474411011,0.6943982839584351,tensor([0.5024])
169,0.6131289601325989,0.6931478977203369,0.6944005489349365,tensor([0.5008])
170,0.613866925239563,0.6931485533714294,0.6943378448486328,tensor([0.5016])
171,0.6134021282196045,0.6931489706039429,0.6945065259933472,tensor([0.5024])
172,0.6125470995903015,0.6931511163711548,0.6944450736045837,tensor([0.5072])
173,0.6129135489463806,0.6931487321853638,0.6944693922996521,tensor([0.5052])
174,0.6128127574920654,0.6931475400924683,0.6944580674171448,tensor([0.5025])
175,0.6133438944816589,0.6931467056274414,0.6943485140800476,tensor([0.4970])
176,0.6131435632705688,0.6931476593017578,0.6943443417549133,tensor([0.5026])
177,0.6128471493721008,0.6931473016738892,0.6944881677627563,tensor([0.5019])
178,0.6128522753715515,0.6931471824645996,0.6944144368171692,tensor([0.4998])
179,0.6131711006164551,0.6931472420692444,0.6945102214813232,tensor([0.5010])
180,0.6127946972846985,0.6931470632553101,0.6945667862892151,tensor([0.4997])
181,0.6124341487884521,0.693144679069519,0.6945551633834839,tensor([0.4979])
182,0.6143559217453003,0.693144679069519,0.694313108921051,tensor([0.4910])
183,0.6128904819488525,0.6931493282318115,0.694362461566925,tensor([0.5023])
184,0.6130529642105103,0.6931501030921936,0.6943601965904236,tensor([0.5035])
185,0.6127485036849976,0.693142294883728,0.6944059729576111,tensor([0.4940])
186,0.6129977107048035,0.6931439638137817,0.6944772005081177,tensor([0.4965])
187,0.6127802133560181,0.6931514739990234,0.6944994330406189,tensor([0.5043])
188,0.6125402450561523,0.6931502819061279,0.6944850087165833,tensor([0.5037])
189,0.6128846406936646,0.6931509971618652,0.6943762898445129,tensor([0.5055])
190,0.6132824420928955,0.6931502819061279,0.6944146752357483,tensor([0.5059])
191,0.6115716695785522,0.6931482553482056,0.6945413947105408,tensor([0.5029])
192,0.6119604110717773,0.6931459307670593,0.6945335865020752,tensor([0.4967])
193,0.6126716732978821,0.693145751953125,0.6943020820617676,tensor([0.4969])
194,0.6118509769439697,0.693146824836731,0.6947535276412964,tensor([0.4992])
195,0.612529993057251,0.6931467056274414,0.6943805813789368,tensor([0.4990])
196,0.6131153106689453,0.6931476593017578,0.6943731904029846,tensor([0.5008])
197,0.6114543676376343,0.6931474208831787,0.6945796608924866,tensor([0.5002])
198,0.6128088235855103,0.6931465268135071,0.6942995190620422,tensor([0.4987])
199,0.6127007603645325,0.6931442022323608,0.6943194270133972,tensor([0.4952])
200,0.6124618649482727,0.6931460499763489,0.694340705871582,tensor([0.4984])
201,0.6120758056640625,0.6931506395339966,0.694320023059845,tensor([0.5052])
202,0.6120761632919312,0.6931496858596802,0.6944842338562012,tensor([0.5046])
203,0.6113541126251221,0.6931450366973877,0.694388747215271,tensor([0.4956])
204,0.6128249168395996,0.6931487321853638,0.6944143772125244,tensor([0.5030])
205,0.6125117540359497,0.6931450366973877,0.6942575573921204,tensor([0.4958])
206,0.612030029296875,0.6931480169296265,0.694357693195343,tensor([0.5013])
207,0.6120936274528503,0.6931465268135071,0.694461464881897,tensor([0.4987])
208,0.6114307641983032,0.6931508183479309,0.6946578621864319,tensor([0.5077])
209,0.6114361882209778,0.6931476593017578,0.6946062445640564,tensor([0.5013])
210,0.6122387647628784,0.6931483745574951,0.6944168210029602,tensor([0.5052])
211,0.6120787262916565,0.6931474208831787,0.694269597530365,tensor([0.5016])
212,0.6122356653213501,0.6931472420692444,0.6942005157470703,tensor([0.5051])
213,0.6116511821746826,0.6931246519088745,0.6945874094963074,tensor([0.4922])
214,0.6112136840820312,0.693120002746582,0.6943464875221252,tensor([0.4952])
215,0.6114236116409302,0.6931409239768982,0.6943485140800476,tensor([0.4982])
216,0.6112168431282043,0.6930729150772095,0.6943812966346741,tensor([0.4913])
217,0.6108622550964355,0.6931660771369934,0.6943879723548889,tensor([0.5003])
218,0.6109418272972107,0.6932168006896973,0.6944739818572998,tensor([0.5086])
219,0.6112281680107117,0.6931588053703308,0.694485604763031,tensor([0.5032])
220,0.6108423471450806,0.693150520324707,0.6943162083625793,tensor([0.5021])
221,0.61141037940979,0.6931476593017578,0.6944236755371094,tensor([0.5007])
222,0.611652135848999,0.6931354403495789,0.6943323612213135,tensor([0.4932])
223,0.6108514666557312,0.6931356191635132,0.694468080997467,tensor([0.4966])
224,0.6110333204269409,0.6931192874908447,0.6944001317024231,tensor([0.4944])
225,0.6113429069519043,0.6931487917900085,0.6943626403808594,tensor([0.4996])
226,0.6108794212341309,0.6931315064430237,0.6943553686141968,tensor([0.4968])
227,0.6111175417900085,0.6931614279747009,0.6944983601570129,tensor([0.5015])
228,0.6112432479858398,0.6931606531143188,0.6944793462753296,tensor([0.5023])
229,0.6117792129516602,0.6931167840957642,0.6943390965461731,tensor([0.4934])
230,0.6104828119277954,0.6930802464485168,0.6943609118461609,tensor([0.4906])
231,0.611171305179596,0.6931255459785461,0.6944618225097656,tensor([0.4965])
232,0.6107746362686157,0.6931591033935547,0.6943982243537903,tensor([0.5001])
233,0.6108318567276001,0.6931178569793701,0.6944148540496826,tensor([0.4957])
234,0.610815167427063,0.6930657029151917,0.6942475438117981,tensor([0.4915])
235,0.6102720499038696,0.6930742859840393,0.6943019032478333,tensor([0.4932])
236,0.6109613180160522,0.6931213140487671,0.6943290829658508,tensor([0.4968])
237,0.6101040840148926,0.6931014060974121,0.6943613886833191,tensor([0.4964])
238,0.6104822158813477,0.6931305527687073,0.6942300200462341,tensor([0.4974])
239,0.6100831031799316,0.6930944323539734,0.6944032311439514,tensor([0.4957])
240,0.6101396083831787,0.6931990385055542,0.6945608258247375,tensor([0.5017])
241,0.609908938407898,0.693126916885376,0.6945700645446777,tensor([0.4975])
242,0.6102632880210876,0.6930720806121826,0.6942189335823059,tensor([0.4944])
243,0.6096204519271851,0.6930549144744873,0.6943667531013489,tensor([0.4914])
244,0.6106203198432922,0.693260669708252,0.6945507526397705,tensor([0.5069])
245,0.60970139503479,0.6931635141372681,0.6945257782936096,tensor([0.5008])
246,0.6103976368904114,0.6931430101394653,0.6943356990814209,tensor([0.4974])
247,0.6106023192405701,0.6931812763214111,0.6945232152938843,tensor([0.5007])
248,0.6096475124359131,0.693135142326355,0.6943862438201904,tensor([0.4999])
249,0.6101409196853638,0.6931475400924683,0.6944960951805115,tensor([0.5005])
250,0.6107291579246521,0.6931208372116089,0.6942519545555115,tensor([0.4977])
251,0.6101080179214478,0.69316565990448,0.6944059133529663,tensor([0.4994])
252,0.6097855567932129,0.693130612373352,0.6942229866981506,tensor([0.4960])
253,0.6100446581840515,0.6931540966033936,0.6943409442901611,tensor([0.5007])
254,0.6104352474212646,0.693153977394104,0.6944293975830078,tensor([0.5015])
255,0.609827995300293,0.6931219696998596,0.6943312287330627,tensor([0.4977])
256,0.61054927110672,0.6931726932525635,0.6942049860954285,tensor([0.5049])
257,0.6102838516235352,0.6931281089782715,0.6943633556365967,tensor([0.5000])
258,0.6094844341278076,0.6931617259979248,0.6943087577819824,tensor([0.4978])
259,0.6102783679962158,0.6931562423706055,0.6943486332893372,tensor([0.4993])
260,0.6099898815155029,0.6931438446044922,0.6945340633392334,tensor([0.4946])
261,0.609356164932251,0.6931350231170654,0.6944469213485718,tensor([0.4888])
262,0.6096272468566895,0.6931471824645996,0.6943784952163696,tensor([0.4992])
263,0.6095670461654663,0.6931589841842651,0.6944785118103027,tensor([0.5071])
264,0.6091718077659607,0.693142294883728,0.6943936347961426,tensor([0.4959])
265,0.6101338863372803,0.6931487321853638,0.6943237781524658,tensor([0.4998])
266,0.6101495027542114,0.6931424736976624,0.6943882703781128,tensor([0.5018])
267,0.609559178352356,0.6931493282318115,0.6945991516113281,tensor([0.4977])
268,0.6102837324142456,0.6931419372558594,0.6942306160926819,tensor([0.4979])
269,0.6093829870223999,0.693145751953125,0.6942517757415771,tensor([0.5005])
270,0.6091898679733276,0.6931520700454712,0.6943803429603577,tensor([0.5004])
271,0.609322190284729,0.6931444406509399,0.6944392323493958,tensor([0.4938])
272,0.609013557434082,0.693137526512146,0.6943296790122986,tensor([0.4956])
273,0.6091867089271545,0.6931448578834534,0.6943526268005371,tensor([0.4957])
274,0.6095784902572632,0.6931456923484802,0.6943234801292419,tensor([0.5063])
275,0.6091992855072021,0.6931304335594177,0.6943824887275696,tensor([0.4966])
276,0.6093292236328125,0.6931427717208862,0.6943641901016235,tensor([0.4965])
277,0.609181821346283,0.6931605935096741,0.6942569613456726,tensor([0.5067])
278,0.608864426612854,0.6931453943252563,0.6944392919540405,tensor([0.4990])
279,0.6095154881477356,0.6931495666503906,0.6944301724433899,tensor([0.5012])
280,0.6094238758087158,0.6931583285331726,0.694479763507843,tensor([0.5070])
281,0.6082987785339355,0.6931478977203369,0.6944522261619568,tensor([0.4999])
282,0.6088905930519104,0.6931481957435608,0.6943767666816711,tensor([0.5002])
283,0.6084733605384827,0.6931449770927429,0.6945028305053711,tensor([0.4965])
284,0.6089937686920166,0.6931495070457458,0.6943386793136597,tensor([0.5013])
285,0.6085511445999146,0.6931462287902832,0.694362998008728,tensor([0.4946])
286,0.6087585687637329,0.6931475400924683,0.6944769620895386,tensor([0.5001])
287,0.60825514793396,0.6931445598602295,0.6945089101791382,tensor([0.4958])
288,0.6086084842681885,0.6931437253952026,0.6945205926895142,tensor([0.4946])
289,0.6079869866371155,0.6931470632553101,0.6946476101875305,tensor([0.4985])
290,0.6084896326065063,0.6931461095809937,0.6944250464439392,tensor([0.5027])
291,0.6088640093803406,0.6931435465812683,0.6943380832672119,tensor([0.4930])
292,0.6087668538093567,0.6931493878364563,0.6942102909088135,tensor([0.4992])
293,0.6084844470024109,0.6931474208831787,0.6944504976272583,tensor([0.5016])
294,0.6084543466567993,0.6931489109992981,0.6944531798362732,tensor([0.5015])
295,0.6084833145141602,0.693146288394928,0.6943642497062683,tensor([0.4986])
296,0.6087539196014404,0.6931518316268921,0.6944907307624817,tensor([0.5066])
297,0.6081451177597046,0.6931471228599548,0.6943850517272949,tensor([0.4994])
298,0.6083335876464844,0.693146288394928,0.6944497227668762,tensor([0.5004])
299,0.6077655553817749,0.693145751953125,0.6944200992584229,tensor([0.4971])
300,0.6078347563743591,0.6931449174880981,0.694365382194519,tensor([0.4964])
301,0.6082853078842163,0.6931504011154175,0.6943652033805847,tensor([0.5057])
302,0.60834801197052,0.6931477785110474,0.6943557262420654,tensor([0.5010])
303,0.6078811883926392,0.6931473016738892,0.6943650245666504,tensor([0.5002])
304,0.6083533763885498,0.6931495666503906,0.6944778561592102,tensor([0.5071])
305,0.6086084842681885,0.693152666091919,0.6942200660705566,tensor([0.5074])
306,0.6085929274559021,0.6931488513946533,0.6942566633224487,tensor([0.5052])
307,0.6075926423072815,0.6931495666503906,0.6944763660430908,tensor([0.5032])
308,0.6080231666564941,0.6931502223014832,0.6944715976715088,tensor([0.5052])
309,0.6075382232666016,0.6931473016738892,0.6944481730461121,tensor([0.5004])
310,0.6080783605575562,0.6931454539299011,0.6945419311523438,tensor([0.5010])
311,0.6081461906433105,0.6931354999542236,0.6943960189819336,tensor([0.4968])
312,0.6073867082595825,0.6931501626968384,0.6945138573646545,tensor([0.4957])
313,0.6076769828796387,0.6931476593017578,0.6943739652633667,tensor([0.4954])
314,0.6072064638137817,0.6931494474411011,0.6944196820259094,tensor([0.5085])
315,0.6077202558517456,0.6931489706039429,0.6943739056587219,tensor([0.5053])
316,0.607469916343689,0.6931427121162415,0.6944712400436401,tensor([0.4970])
317,0.6074134111404419,0.6931391954421997,0.6942955255508423,tensor([0.4987])
318,0.6067419648170471,0.6931518316268921,0.6946288347244263,tensor([0.5048])
319,0.6074913144111633,0.6931416988372803,0.6943141222000122,tensor([0.4910])
320,0.6078631281852722,0.6931486129760742,0.6943109035491943,tensor([0.5032])
321,0.6072865128517151,0.6931506991386414,0.6943581700325012,tensor([0.5074])
322,0.607710063457489,0.6931459307670593,0.6944314241409302,tensor([0.5009])
323,0.6072314977645874,0.6931444406509399,0.6944328546524048,tensor([0.5035])
324,0.6076088547706604,0.6931461095809937,0.6943210363388062,tensor([0.4976])
325,0.6069086790084839,0.6931443214416504,0.6944143772125244,tensor([0.4979])
326,0.6068384647369385,0.6931447982788086,0.6943585276603699,tensor([0.4959])
327,0.6070387959480286,0.693146824836731,0.6942337155342102,tensor([0.4977])
328,0.6075233817100525,0.693131685256958,0.6943596601486206,tensor([0.4927])
329,0.6067183017730713,0.6931424140930176,0.6945064067840576,tensor([0.4998])
330,0.6065766215324402,0.6931566596031189,0.6944676041603088,tensor([0.5025])
331,0.6068276166915894,0.6931425333023071,0.6944859027862549,tensor([0.4986])
332,0.6066797971725464,0.6931533813476562,0.6944301128387451,tensor([0.5041])
333,0.6066260933876038,0.6931429505348206,0.6943652629852295,tensor([0.4992])
334,0.6068114042282104,0.693142294883728,0.6943749189376831,tensor([0.4948])
335,0.6069130897521973,0.6931469440460205,0.694442093372345,tensor([0.4983])
336,0.6068832874298096,0.6931402683258057,0.6942965984344482,tensor([0.4881])
337,0.6066447496414185,0.6931475400924683,0.6943557262420654,tensor([0.5031])
338,0.6066211462020874,0.6931445598602295,0.6942997574806213,tensor([0.4953])
339,0.6069936752319336,0.6931447982788086,0.6942506432533264,tensor([0.4955])
340,0.6070247292518616,0.6931403875350952,0.6944007277488708,tensor([0.4926])
341,0.6065706014633179,0.6931480169296265,0.694370687007904,tensor([0.5004])
342,0.606580376625061,0.6931447982788086,0.6944177746772766,tensor([0.4978])
343,0.6061612367630005,0.6931483149528503,0.6943758130073547,tensor([0.4992])
344,0.6060769557952881,0.6931557655334473,0.6944797039031982,tensor([0.5092])
345,0.6062057018280029,0.6931468844413757,0.6943430304527283,tensor([0.4991])
346,0.6063218116760254,0.693150520324707,0.6943891644477844,tensor([0.5042])
347,0.6061437129974365,0.6931493282318115,0.6943251490592957,tensor([0.5024])
348,0.6064874529838562,0.6931450366973877,0.694244384765625,tensor([0.4987])
349,0.6065943837165833,0.6931459903717041,0.694306492805481,tensor([0.4998])
350,0.6060997247695923,0.6931480765342712,0.6943080425262451,tensor([0.5024])
351,0.6063970923423767,0.6931481957435608,0.6942195892333984,tensor([0.4956])
352,0.6057639718055725,0.6931477785110474,0.6944190263748169,tensor([0.5027])
353,0.6062839031219482,0.6931459903717041,0.6943305730819702,tensor([0.5012])
354,0.6056970357894897,0.6931463479995728,0.6944159269332886,tensor([0.4986])
355,0.6060245037078857,0.6931449770927429,0.694426953792572,tensor([0.4996])
356,0.6058174967765808,0.6931453943252563,0.6944752335548401,tensor([0.4957])
357,0.6053556203842163,0.6931466460227966,0.6945633888244629,tensor([0.5015])
358,0.606303334236145,0.6931453943252563,0.6943621635437012,tensor([0.4962])
359,0.6062067151069641,0.6931502819061279,0.6943532228469849,tensor([0.5034])
360,0.6058681011199951,0.6931489706039429,0.6944012641906738,tensor([0.5047])
361,0.6060223579406738,0.6931447982788086,0.6944175958633423,tensor([0.4986])
362,0.6048323512077332,0.6931449174880981,0.6944987773895264,tensor([0.4996])
363,0.6061376333236694,0.6931453347206116,0.6943541169166565,tensor([0.4992])
364,0.6056444644927979,0.6931452751159668,0.6943880915641785,tensor([0.4962])
365,0.6057217121124268,0.6931394338607788,0.694408118724823,tensor([0.4943])
366,0.6052592992782593,0.6931489706039429,0.6946055293083191,tensor([0.4991])
367,0.6059597730636597,0.6931465864181519,0.6943840980529785,tensor([0.5009])
368,0.6056116819381714,0.6931412220001221,0.6943932771682739,tensor([0.4979])
369,0.6052318811416626,0.6931462287902832,0.6944857239723206,tensor([0.4968])
370,0.6058266162872314,0.6931493878364563,0.694322943687439,tensor([0.5018])
371,0.6060786247253418,0.6931438446044922,0.6942093968391418,tensor([0.4960])
372,0.6056814193725586,0.6931436061859131,0.694344699382782,tensor([0.4945])
373,0.6052457094192505,0.6931428909301758,0.6944489479064941,tensor([0.4929])
374,0.6055590510368347,0.6931499242782593,0.6944100260734558,tensor([0.5009])
375,0.6062570214271545,0.6931462287902832,0.6942857503890991,tensor([0.5012])
376,0.6055542230606079,0.6931450963020325,0.6942310929298401,tensor([0.4958])
377,0.6060130000114441,0.693145751953125,0.6942823529243469,tensor([0.5005])
378,0.6056704521179199,0.6931490302085876,0.6944035291671753,tensor([0.4997])
379,0.6054642200469971,0.6931494474411011,0.6943672895431519,tensor([0.5036])
380,0.6055407524108887,0.6931437253952026,0.6944854259490967,tensor([0.4954])
381,0.6047897338867188,0.6931428909301758,0.6945157051086426,tensor([0.4950])
382,0.6053390502929688,0.693145751953125,0.6943269371986389,tensor([0.5010])
383,0.6047630906105042,0.6931439638137817,0.6944043040275574,tensor([0.4933])
384,0.6056223511695862,0.693145215511322,0.6944290995597839,tensor([0.4995])
385,0.6049185991287231,0.6931447982788086,0.6945778131484985,tensor([0.4963])
386,0.6055373549461365,0.6931475400924683,0.6942915320396423,tensor([0.4991])
387,0.6051129102706909,0.6931475400924683,0.6943057775497437,tensor([0.4994])
388,0.6057724952697754,0.6931453943252563,0.6942996978759766,tensor([0.4985])
389,0.6053308248519897,0.6931450963020325,0.69438236951828,tensor([0.4976])
390,0.6048794984817505,0.6931407451629639,0.6943283677101135,tensor([0.4942])
391,0.6048399806022644,0.6931350827217102,0.6943529844284058,tensor([0.4919])
392,0.6051859855651855,0.6931548118591309,0.6944596767425537,tensor([0.5059])
393,0.6054235696792603,0.6931476593017578,0.6942456960678101,tensor([0.5015])
394,0.6048298478126526,0.6931425333023071,0.6944426894187927,tensor([0.4969])
395,0.6051161885261536,0.693162202835083,0.6944115161895752,tensor([0.5130])
396,0.6056357026100159,0.6931418776512146,0.6943889856338501,tensor([0.4938])
397,0.604932427406311,0.6931437253952026,0.6944465041160583,tensor([0.4979])
398,0.6043605804443359,0.6931452751159668,0.6945160031318665,tensor([0.4980])
399,0.6053783297538757,0.6931422352790833,0.69437175989151,tensor([0.4969])
400,0.604465126991272,0.693149209022522,0.6944345831871033,tensor([0.5015])
401,0.6049567461013794,0.693151593208313,0.6944165229797363,tensor([0.5023])
402,0.605009913444519,0.6931495666503906,0.6942845582962036,tensor([0.5028])
403,0.6037728786468506,0.6931473612785339,0.6945886015892029,tensor([0.5001])
404,0.6050580739974976,0.6931464672088623,0.6942746043205261,tensor([0.5004])
405,0.6053292155265808,0.6931461095809937,0.6942408680915833,tensor([0.4984])
406,0.6042543649673462,0.6931477189064026,0.6943553686141968,tensor([0.5035])
407,0.6043297052383423,0.6931505799293518,0.6944650411605835,tensor([0.5021])
408,0.6044596433639526,0.6931469440460205,0.6944188475608826,tensor([0.4988])
409,0.6050921678543091,0.6931411027908325,0.6943699717521667,tensor([0.4972])
410,0.6047881841659546,0.6931512355804443,0.6944335103034973,tensor([0.5031])
411,0.6041858196258545,0.6931580901145935,0.6945182681083679,tensor([0.5090])
412,0.6044619083404541,0.693148136138916,0.6944358944892883,tensor([0.5007])
413,0.6046125888824463,0.6931454539299011,0.6942825317382812,tensor([0.4998])
414,0.6042236089706421,0.6931462287902832,0.6945285797119141,tensor([0.4968])
415,0.6047800183296204,0.6931442022323608,0.6943573951721191,tensor([0.4965])
416,0.6051185131072998,0.6931436657905579,0.694200336933136,tensor([0.5027])
417,0.6042040586471558,0.6931447982788086,0.6942969560623169,tensor([0.4986])
418,0.6047134399414062,0.6931464076042175,0.6943207383155823,tensor([0.5040])
419,0.604777455329895,0.693135142326355,0.6942811608314514,tensor([0.4951])
420,0.6041699647903442,0.6930949687957764,0.6941304206848145,tensor([0.4867])
421,0.604473888874054,0.692972719669342,0.6941724419593811,tensor([0.4788])
422,0.6042298078536987,0.6930263042449951,0.6943670511245728,tensor([0.4922])
423,0.6046918630599976,0.6924073100090027,0.6936758160591125,tensor([0.4786])
424,0.604110836982727,0.6924662590026855,0.6936954855918884,tensor([0.4789])
425,0.6044248342514038,0.6910130977630615,0.692210853099823,tensor([0.4675])
426,0.6045900583267212,0.6917417645454407,0.6929961442947388,tensor([0.4782])
427,0.6038869619369507,0.6882471442222595,0.6895735263824463,tensor([0.4395])
428,0.6050169467926025,0.6872788071632385,0.6884725689888,tensor([0.4380])
429,0.6039196252822876,0.6841192245483398,0.6853693127632141,tensor([0.4362])
430,0.604369044303894,0.6833928823471069,0.6847344040870667,tensor([0.4299])
431,0.6043525338172913,0.6806002855300903,0.6819093823432922,tensor([0.4196])
432,0.6046262979507446,0.681146502494812,0.6824651956558228,tensor([0.4194])
433,0.6041608452796936,0.6787970066070557,0.6801023483276367,tensor([0.4181])
434,0.6047035455703735,0.6767511367797852,0.6780468225479126,tensor([0.4112])
435,0.6054040789604187,0.6742558479309082,0.6754159331321716,tensor([0.4059])
436,0.6046479940414429,0.6737450361251831,0.6750110387802124,tensor([0.4067])
437,0.6045831441879272,0.6739214062690735,0.675387978553772,tensor([0.4058])
438,0.6044957637786865,0.6724534034729004,0.6739530563354492,tensor([0.4029])
439,0.6043623089790344,0.6713676452636719,0.6727379560470581,tensor([0.4051])
440,0.6052399277687073,0.6740160584449768,0.6751595139503479,tensor([0.4061])
441,0.6042395234107971,0.6720634698867798,0.673461377620697,tensor([0.4055])
442,0.6054278612136841,0.6723101139068604,0.6734030842781067,tensor([0.4000])
443,0.6053084135055542,0.6732407808303833,0.67450350522995,tensor([0.4003])
444,0.6047770977020264,0.6697453856468201,0.6711497902870178,tensor([0.4000])
445,0.60465407371521,0.6679291129112244,0.6691815853118896,tensor([0.3907])
446,0.6045300960540771,0.6657466888427734,0.6671174764633179,tensor([0.3824])
447,0.6044861078262329,0.6675001382827759,0.668761134147644,tensor([0.3896])
448,0.6049869060516357,0.6643855571746826,0.6656337380409241,tensor([0.3869])
449,0.6055834293365479,0.6646786332130432,0.6659194231033325,tensor([0.3851])
450,0.604961633682251,0.6638357639312744,0.6650534272193909,tensor([0.3876])
451,0.6048287153244019,0.6627283692359924,0.6640217304229736,tensor([0.3835])
452,0.605086088180542,0.6610507965087891,0.6624462008476257,tensor([0.3790])
453,0.6049325466156006,0.6632835865020752,0.6644260287284851,tensor([0.3853])
454,0.6044878959655762,0.66261225938797,0.6640884280204773,tensor([0.3834])
455,0.6047674417495728,0.6607986092567444,0.6619765162467957,tensor([0.3782])
456,0.6047307252883911,0.6595412492752075,0.6607598662376404,tensor([0.3794])
457,0.6046171188354492,0.6593552827835083,0.6606209874153137,tensor([0.3806])
458,0.6045725345611572,0.6573132276535034,0.6587026119232178,tensor([0.3738])
459,0.6050291061401367,0.6570621728897095,0.6585124731063843,tensor([0.3701])
460,0.6051284074783325,0.6562464833259583,0.6575807332992554,tensor([0.3697])
461,0.6045976281166077,0.6565594673156738,0.6579544544219971,tensor([0.3735])
462,0.604465901851654,0.655094563961029,0.6563928723335266,tensor([0.3663])
463,0.60521000623703,0.6555248498916626,0.6569195985794067,tensor([0.3672])
464,0.6050262451171875,0.6536917686462402,0.6549494862556458,tensor([0.3657])
465,0.6047925353050232,0.6537465453147888,0.6551263928413391,tensor([0.3687])
466,0.6054500937461853,0.6500574350357056,0.6515367031097412,tensor([0.3614])
467,0.6059120893478394,0.6523502469062805,0.6536309719085693,tensor([0.3668])
468,0.6056088209152222,0.651439905166626,0.6527953743934631,tensor([0.3593])
469,0.6046169996261597,0.6497431993484497,0.6512438058853149,tensor([0.3604])
470,0.6058000326156616,0.6478910446166992,0.6492700576782227,tensor([0.3554])
471,0.606012225151062,0.6477721333503723,0.6491022706031799,tensor([0.3548])
472,0.605719268321991,0.646773099899292,0.6481258869171143,tensor([0.3479])
473,0.6050176024436951,0.6434903144836426,0.64493727684021,tensor([0.3531])
474,0.6062723398208618,0.6445462107658386,0.6458107233047485,tensor([0.3492])
475,0.6051153540611267,0.6454465389251709,0.6469355225563049,tensor([0.3507])
476,0.6058159470558167,0.6425882577896118,0.6437967419624329,tensor([0.3460])
477,0.605870246887207,0.6412585973739624,0.6425540447235107,tensor([0.3427])
478,0.605611264705658,0.6418334245681763,0.6430802345275879,tensor([0.3505])
479,0.605124294757843,0.6396368145942688,0.6408863067626953,tensor([0.3417])
480,0.6055165529251099,0.6403924226760864,0.6418014764785767,tensor([0.3454])
481,0.6061913967132568,0.6412298083305359,0.6425154805183411,tensor([0.3447])
482,0.6055927276611328,0.635498583316803,0.6369457840919495,tensor([0.3412])
483,0.6055874824523926,0.6374808549880981,0.6388363838195801,tensor([0.3428])
484,0.6054134368896484,0.6344912052154541,0.6358429193496704,tensor([0.3386])
485,0.6060549020767212,0.6364732384681702,0.6378325819969177,tensor([0.3377])
486,0.6058819890022278,0.6322275996208191,0.6334755420684814,tensor([0.3332])
487,0.6054844856262207,0.6334707736968994,0.6348603367805481,tensor([0.3369])
488,0.6051253080368042,0.6341077089309692,0.6355240345001221,tensor([0.3356])
489,0.6055760383605957,0.6318496465682983,0.6333558559417725,tensor([0.3324])
490,0.6052769422531128,0.6336614489555359,0.6352101564407349,tensor([0.3339])
491,0.6048955917358398,0.6293616890907288,0.6308051943778992,tensor([0.3290])
492,0.6047292947769165,0.6313055753707886,0.6328692436218262,tensor([0.3314])
493,0.6052740812301636,0.6271705031394958,0.6286993622779846,tensor([0.3255])
494,0.6053255200386047,0.6263130903244019,0.627779483795166,tensor([0.3265])
495,0.605181097984314,0.6297607421875,0.631074070930481,tensor([0.3297])
496,0.6049177050590515,0.6281189918518066,0.6296154856681824,tensor([0.3305])
497,0.6061683893203735,0.6283986568450928,0.6296868324279785,tensor([0.3256])
498,0.6053794026374817,0.6272742748260498,0.6286656260490417,tensor([0.3233])
499,0.6055910587310791,0.6229881048202515,0.6243913769721985,tensor([0.3191])
500,0.6055736541748047,0.6242642998695374,0.6255829334259033,tensor([0.3251])
501,0.6052500009536743,0.6252657771110535,0.6267129778862,tensor([0.3260])
502,0.6053800582885742,0.6203789710998535,0.6216775178909302,tensor([0.3184])
503,0.6052559614181519,0.6209914088249207,0.6224822998046875,tensor([0.3179])
504,0.6052059531211853,0.6198710203170776,0.6212538480758667,tensor([0.3155])
505,0.6052890419960022,0.6231436133384705,0.6244482398033142,tensor([0.3162])
506,0.6050443649291992,0.6209694743156433,0.6224775910377502,tensor([0.3162])
507,0.6063021421432495,0.6161990761756897,0.6175026893615723,tensor([0.3078])
508,0.6057520508766174,0.6180930733680725,0.6195366978645325,tensor([0.3143])
509,0.6049659252166748,0.6138214468955994,0.6151934266090393,tensor([0.3110])
510,0.6057753562927246,0.6130556464195251,0.614375650882721,tensor([0.3096])
511,0.6049374341964722,0.6158124208450317,0.6172081232070923,tensor([0.3102])
512,0.6052080392837524,0.6148906946182251,0.6163232326507568,tensor([0.3118])
513,0.6046684980392456,0.6155924797058105,0.6170147061347961,tensor([0.3102])
514,0.6046163439750671,0.6130760908126831,0.6145234704017639,tensor([0.3100])
515,0.6050533056259155,0.6103991270065308,0.6118963956832886,tensor([0.3000])
516,0.6052465438842773,0.6123103499412537,0.6135600805282593,tensor([0.3065])
517,0.6043356657028198,0.6091760396957397,0.6106438636779785,tensor([0.3013])
518,0.6056735515594482,0.6112486124038696,0.6124740839004517,tensor([0.3077])
519,0.6047481298446655,0.6089053153991699,0.6103758811950684,tensor([0.2977])
520,0.6050628423690796,0.6069139242172241,0.6082237362861633,tensor([0.2947])
521,0.6053502559661865,0.6079405546188354,0.6092785596847534,tensor([0.2971])
522,0.604465126991272,0.6062556505203247,0.6078152656555176,tensor([0.2974])
523,0.6054847240447998,0.605530858039856,0.606752872467041,tensor([0.2958])
524,0.6056188941001892,0.6048698425292969,0.6062582731246948,tensor([0.2941])
525,0.6055139303207397,0.6019277572631836,0.6032358407974243,tensor([0.2902])
526,0.6042864322662354,0.6026036143302917,0.6040476560592651,tensor([0.2930])
527,0.6043072938919067,0.6028807163238525,0.6044336557388306,tensor([0.2903])
528,0.6046422123908997,0.6005990505218506,0.6021084785461426,tensor([0.2863])
529,0.6054542660713196,0.6011730432510376,0.6024950742721558,tensor([0.2852])
530,0.6047797203063965,0.6016218066215515,0.6031202077865601,tensor([0.2912])
531,0.6048457622528076,0.5992304086685181,0.600601077079773,tensor([0.2876])
532,0.6045645475387573,0.5979641675949097,0.5992944240570068,tensor([0.2869])
533,0.6050671935081482,0.5947927236557007,0.5960360169410706,tensor([0.2854])
534,0.6040539741516113,0.5946086645126343,0.5960829257965088,tensor([0.2847])
535,0.6045033931732178,0.5961294174194336,0.5974740386009216,tensor([0.2823])
536,0.604631245136261,0.5903847217559814,0.5917270183563232,tensor([0.2757])
537,0.6036939024925232,0.5906316041946411,0.5921201705932617,tensor([0.2767])
538,0.6039311289787292,0.590810239315033,0.592378556728363,tensor([0.2775])
539,0.604367733001709,0.5898852348327637,0.5913465023040771,tensor([0.2742])
540,0.6038488149642944,0.5893118977546692,0.5908891558647156,tensor([0.2769])
541,0.6037687659263611,0.5900369882583618,0.5914302468299866,tensor([0.2726])
542,0.6036748290061951,0.5848745703697205,0.5862866044044495,tensor([0.2718])
543,0.6045845746994019,0.5843153595924377,0.5857105255126953,tensor([0.2695])
544,0.6028978228569031,0.5848218202590942,0.5864653587341309,tensor([0.2687])
545,0.6032209396362305,0.5855631232261658,0.5871993899345398,tensor([0.2658])
546,0.6033904552459717,0.5843840837478638,0.5859838724136353,tensor([0.2657])
547,0.6042170524597168,0.5770057439804077,0.5784673690795898,tensor([0.2596])
548,0.6033994555473328,0.5807170867919922,0.5821732878684998,tensor([0.2621])
549,0.6041577458381653,0.5795625448226929,0.5810486078262329,tensor([0.2648])
550,0.6036455035209656,0.5777314901351929,0.5792397856712341,tensor([0.2607])
551,0.6031639575958252,0.5785966515541077,0.5800985097885132,tensor([0.2654])
552,0.6031942367553711,0.5774896740913391,0.5791235566139221,tensor([0.2656])
553,0.6032381057739258,0.5772196650505066,0.5786389708518982,tensor([0.2579])
554,0.6028156876564026,0.5725206732749939,0.5740960240364075,tensor([0.2562])
555,0.6032296419143677,0.571712076663971,0.5732171535491943,tensor([0.2549])
556,0.6029788255691528,0.5713711380958557,0.5729007720947266,tensor([0.2529])
557,0.6029611229896545,0.5744114518165588,0.5759038329124451,tensor([0.2581])
558,0.6025124788284302,0.5719342231750488,0.5735438466072083,tensor([0.2516])
559,0.6032350063323975,0.5702110528945923,0.5715427994728088,tensor([0.2455])
560,0.6034998893737793,0.5641251802444458,0.5656611919403076,tensor([0.2429])
561,0.6018928289413452,0.5644415020942688,0.5660262703895569,tensor([0.2429])
562,0.6032950282096863,0.5633491277694702,0.5648962259292603,tensor([0.2425])
563,0.6028047800064087,0.5617797374725342,0.5632137060165405,tensor([0.2399])
564,0.603124737739563,0.5648404359817505,0.56657874584198,tensor([0.2422])
565,0.6025344729423523,0.5610527992248535,0.5625380873680115,tensor([0.2396])
566,0.6036986708641052,0.5579017400741577,0.5593206286430359,tensor([0.2337])
567,0.6024874448776245,0.5595098733901978,0.5610458850860596,tensor([0.2409])
568,0.603154182434082,0.5542929768562317,0.5558742880821228,tensor([0.2290])
569,0.602837324142456,0.5562097430229187,0.5576885342597961,tensor([0.2381])
570,0.6025078296661377,0.5528578758239746,0.5545048117637634,tensor([0.2282])
571,0.6022809743881226,0.552236795425415,0.5538913011550903,tensor([0.2257])
572,0.6032905578613281,0.551670253276825,0.5530714988708496,tensor([0.2253])
573,0.6032896041870117,0.5512027740478516,0.5526524782180786,tensor([0.2256])
574,0.6028672456741333,0.5496888160705566,0.5511281490325928,tensor([0.2230])
575,0.6027113199234009,0.5478255152702332,0.5492557883262634,tensor([0.2236])
576,0.6020276546478271,0.5459021925926208,0.5476174354553223,tensor([0.2216])
577,0.6028580665588379,0.5464083552360535,0.5478172898292542,tensor([0.2230])
578,0.6022975444793701,0.542401909828186,0.544037401676178,tensor([0.2137])
579,0.6022739410400391,0.5409685969352722,0.542548418045044,tensor([0.2178])
580,0.6021499633789062,0.5429654717445374,0.5444075465202332,tensor([0.2196])
581,0.601961076259613,0.5443436503410339,0.5458199381828308,tensor([0.2160])
582,0.6018373966217041,0.5367066860198975,0.5384572744369507,tensor([0.2047])
583,0.6027992963790894,0.5384050011634827,0.5398555397987366,tensor([0.2070])
584,0.6028095483779907,0.5362391471862793,0.5378162860870361,tensor([0.2139])
585,0.6022088527679443,0.5361727476119995,0.5377455353736877,tensor([0.2047])
586,0.6024399995803833,0.5376065373420715,0.5391493439674377,tensor([0.2075])
587,0.6022856831550598,0.5332873463630676,0.5348539352416992,tensor([0.2057])
588,0.6025257110595703,0.5297797322273254,0.5315317511558533,tensor([0.2001])
589,0.6031620502471924,0.5301505923271179,0.5314674973487854,tensor([0.1992])
590,0.6028163433074951,0.5292386412620544,0.5309646725654602,tensor([0.1993])
591,0.6018192768096924,0.5239741802215576,0.5257370471954346,tensor([0.1922])
592,0.6020193696022034,0.5253147482872009,0.526944100856781,tensor([0.1957])
593,0.6017760038375854,0.5268762111663818,0.5285449624061584,tensor([0.1936])
594,0.6017091274261475,0.5232316851615906,0.5249042510986328,tensor([0.1870])
595,0.6015052199363708,0.5196837186813354,0.5213417410850525,tensor([0.1846])
596,0.6031626462936401,0.5189132690429688,0.5203920602798462,tensor([0.1890])
597,0.6011457443237305,0.518517255783081,0.5202953219413757,tensor([0.1836])
598,0.603575587272644,0.5182311534881592,0.5196574926376343,tensor([0.1833])
599,0.6019220948219299,0.5179362297058105,0.5198774337768555,tensor([0.1805])
600,0.6024324893951416,0.515799880027771,0.5172812342643738,tensor([0.1766])
601,0.602088212966919,0.5129433870315552,0.5145277380943298,tensor([0.1788])
602,0.6018139719963074,0.5123069882392883,0.5139316916465759,tensor([0.1777])
603,0.6016720533370972,0.5053800344467163,0.5069788098335266,tensor([0.1638])
604,0.6016360521316528,0.5069488286972046,0.5089167952537537,tensor([0.1671])
605,0.6020159721374512,0.504783034324646,0.5063173770904541,tensor([0.1634])
606,0.6016480326652527,0.5020169615745544,0.5038467049598694,tensor([0.1550])
607,0.6011883020401001,0.5028902292251587,0.5044324398040771,tensor([0.1579])
608,0.6017806529998779,0.5017093420028687,0.5035141110420227,tensor([0.1554])
609,0.6020092964172363,0.498583048582077,0.5002310872077942,tensor([0.1491])
610,0.6014454364776611,0.49708664417266846,0.49891871213912964,tensor([0.1505])
611,0.6008762121200562,0.49599793553352356,0.4978415369987488,tensor([0.1483])
612,0.6013467907905579,0.49727118015289307,0.4989294409751892,tensor([0.1497])
613,0.6034368276596069,0.4975028932094574,0.49937117099761963,tensor([0.1489])
614,0.6023761034011841,0.49530941247940063,0.4968692362308502,tensor([0.1479])
615,0.6019738912582397,0.49453309178352356,0.4961572587490082,tensor([0.1490])
616,0.6013801097869873,0.4917528033256531,0.4935958683490753,tensor([0.1475])
617,0.6013855934143066,0.4925583004951477,0.49417561292648315,tensor([0.1415])
618,0.601573646068573,0.4917411208152771,0.4934768080711365,tensor([0.1424])
619,0.60140061378479,0.4889879822731018,0.490720272064209,tensor([0.1391])
620,0.6014763116836548,0.48682326078414917,0.4885958135128021,tensor([0.1368])
621,0.6018396019935608,0.4881373643875122,0.48984262347221375,tensor([0.1397])
622,0.6019041538238525,0.48624756932258606,0.487964004278183,tensor([0.1339])
623,0.6013576984405518,0.48417872190475464,0.4859142005443573,tensor([0.1353])
624,0.601536214351654,0.48091959953308105,0.4828264117240906,tensor([0.1313])
625,0.6014125347137451,0.48294371366500854,0.4846135973930359,tensor([0.1287])
626,0.6014094948768616,0.4826657772064209,0.48448100686073303,tensor([0.1346])
627,0.6018291115760803,0.4830939769744873,0.4846353828907013,tensor([0.1323])
628,0.600928783416748,0.479352742433548,0.4809930622577667,tensor([0.1238])
629,0.6007512211799622,0.4803599715232849,0.4821566641330719,tensor([0.1276])
630,0.6016088128089905,0.47752663493156433,0.4790712893009186,tensor([0.1257])
631,0.6014729738235474,0.47721198201179504,0.4788939654827118,tensor([0.1241])
632,0.6013010740280151,0.4778233766555786,0.4797005355358124,tensor([0.1243])
633,0.6010022163391113,0.47620320320129395,0.47793567180633545,tensor([0.1228])
634,0.6016572117805481,0.47529900074005127,0.47694993019104004,tensor([0.1207])
635,0.6013672947883606,0.47324326634407043,0.47513899207115173,tensor([0.1221])
636,0.6018359661102295,0.4731059670448303,0.4749183654785156,tensor([0.1168])
637,0.6014218926429749,0.47120267152786255,0.472956120967865,tensor([0.1200])
638,0.6015704870223999,0.47436463832855225,0.47607722878456116,tensor([0.1213])
639,0.6013652682304382,0.46814629435539246,0.46983203291893005,tensor([0.1127])
640,0.6010056138038635,0.47179731726646423,0.47363802790641785,tensor([0.1201])
641,0.6013320684432983,0.4676532447338104,0.4694395065307617,tensor([0.1127])
642,0.6021965742111206,0.4670878052711487,0.46863028407096863,tensor([0.1149])
643,0.6018220782279968,0.4649539291858673,0.4666447043418884,tensor([0.1105])
644,0.6012924909591675,0.466026246547699,0.467841774225235,tensor([0.1107])
645,0.6013576984405518,0.464400053024292,0.46614381670951843,tensor([0.1108])
646,0.6009016036987305,0.46229785680770874,0.46413353085517883,tensor([0.1094])
647,0.6004041433334351,0.4627220630645752,0.4644008278846741,tensor([0.1106])
648,0.601931095123291,0.4622492790222168,0.46399110555648804,tensor([0.1058])
649,0.6013791561126709,0.4618149995803833,0.4635637402534485,tensor([0.1060])
650,0.6011373400688171,0.46097809076309204,0.46266642212867737,tensor([0.1057])
651,0.6012722849845886,0.4562571048736572,0.4579910933971405,tensor([0.0972])
652,0.6014880537986755,0.45751968026161194,0.4592992663383484,tensor([0.0985])
653,0.6013403534889221,0.4574609398841858,0.45930036902427673,tensor([0.1012])
654,0.599979043006897,0.45384010672569275,0.45575645565986633,tensor([0.1002])
655,0.6010549664497375,0.4538225531578064,0.4555071294307709,tensor([0.0942])
656,0.6016117334365845,0.45430004596710205,0.4559851586818695,tensor([0.0989])
657,0.6012004613876343,0.4517875909805298,0.4535983204841614,tensor([0.0922])
658,0.6017557978630066,0.45191508531570435,0.453522652387619,tensor([0.0930])
659,0.6019337177276611,0.44603782892227173,0.4477054178714752,tensor([0.0841])
660,0.6004887819290161,0.44757384061813354,0.449605792760849,tensor([0.0866])
661,0.6008687019348145,0.4494907855987549,0.451468825340271,tensor([0.0897])
662,0.6008901596069336,0.44636330008506775,0.4481610953807831,tensor([0.0866])
663,0.6011000871658325,0.4465588331222534,0.44826579093933105,tensor([0.0856])
664,0.6007750034332275,0.44570380449295044,0.4475547969341278,tensor([0.0840])
665,0.6012673377990723,0.443524032831192,0.4452844262123108,tensor([0.0815])
666,0.6010539531707764,0.442403107881546,0.44421419501304626,tensor([0.0846])
667,0.6012118458747864,0.4417126476764679,0.4435513913631439,tensor([0.0788])
668,0.6005347371101379,0.44237688183784485,0.4443594515323639,tensor([0.0790])
669,0.6009746789932251,0.4379255771636963,0.43988698720932007,tensor([0.0764])
670,0.6015459299087524,0.4407922029495239,0.4424988031387329,tensor([0.0786])
671,0.6008763909339905,0.43586087226867676,0.4376514256000519,tensor([0.0708])
672,0.6003512740135193,0.436214804649353,0.4382261633872986,tensor([0.0734])
673,0.6010710000991821,0.43138712644577026,0.43323877453804016,tensor([0.0680])
674,0.6007236242294312,0.43203380703926086,0.43396803736686707,tensor([0.0646])
675,0.6006839871406555,0.4315072298049927,0.43334394693374634,tensor([0.0651])
676,0.6009054780006409,0.42834699153900146,0.43013739585876465,tensor([0.0590])
677,0.600695013999939,0.4283687472343445,0.43008655309677124,tensor([0.0564])
678,0.6009505391120911,0.4280833601951599,0.4299798905849457,tensor([0.0592])
679,0.6001431345939636,0.4265044033527374,0.4284922480583191,tensor([0.0567])
680,0.6011291742324829,0.4259820878505707,0.42774906754493713,tensor([0.0568])
681,0.6000233292579651,0.42579227685928345,0.42782291769981384,tensor([0.0579])
682,0.6006321907043457,0.42321476340293884,0.42504367232322693,tensor([0.0526])
683,0.6015836000442505,0.42249926924705505,0.42421555519104004,tensor([0.0546])
684,0.6010717153549194,0.4202994406223297,0.42208078503608704,tensor([0.0492])
685,0.6017684936523438,0.42233556509017944,0.4242103397846222,tensor([0.0522])
686,0.6012146472930908,0.41917431354522705,0.42101871967315674,tensor([0.0474])
687,0.6003539562225342,0.4177493453025818,0.4197239577770233,tensor([0.0466])
688,0.6004742383956909,0.4185703992843628,0.4204608201980591,tensor([0.0468])
689,0.6013824939727783,0.41636335849761963,0.4181163012981415,tensor([0.0446])
690,0.6009360551834106,0.41650694608688354,0.41826775670051575,tensor([0.0448])
691,0.6018061637878418,0.41377323865890503,0.4156495928764343,tensor([0.0419])
692,0.6006639003753662,0.4127119779586792,0.41459736227989197,tensor([0.0378])
693,0.6003133058547974,0.4137679934501648,0.41561809182167053,tensor([0.0401])
694,0.6005715727806091,0.4115363657474518,0.4133880138397217,tensor([0.0374])
695,0.6008805632591248,0.4109231233596802,0.41282200813293457,tensor([0.0377])
696,0.6005545854568481,0.41127943992614746,0.4132140278816223,tensor([0.0364])
697,0.6008891463279724,0.40959545969963074,0.41157370805740356,tensor([0.0352])
698,0.6002056002616882,0.4102691411972046,0.4122164845466614,tensor([0.0364])
699,0.6000211238861084,0.40825679898262024,0.4100809693336487,tensor([0.0348])
700,0.6015387773513794,0.40960729122161865,0.41138696670532227,tensor([0.0364])
701,0.6014735102653503,0.40566837787628174,0.40747877955436707,tensor([0.0337])
702,0.6010724902153015,0.40576398372650146,0.40764373540878296,tensor([0.0341])
703,0.6004835963249207,0.40730994939804077,0.40920767188072205,tensor([0.0364])
704,0.6007657647132874,0.4053671956062317,0.4073161482810974,tensor([0.0331])
705,0.6004782915115356,0.4036795496940613,0.40553537011146545,tensor([0.0328])
706,0.5999462604522705,0.40389758348464966,0.40585771203041077,tensor([0.0318])
707,0.6004166007041931,0.4049723148345947,0.40672001242637634,tensor([0.0342])
708,0.6006160378456116,0.4059127867221832,0.40769314765930176,tensor([0.0338])
709,0.6011455655097961,0.4022105932235718,0.40411290526390076,tensor([0.0306])
710,0.600486159324646,0.4009370505809784,0.40277042984962463,tensor([0.0279])
711,0.6006319522857666,0.3988993167877197,0.4009520709514618,tensor([0.0265])
712,0.6006995439529419,0.4018179774284363,0.40363171696662903,tensor([0.0301])
713,0.6004925966262817,0.4001048803329468,0.4020482003688812,tensor([0.0275])
714,0.6004304885864258,0.39985570311546326,0.40180274844169617,tensor([0.0287])
715,0.6000787019729614,0.39729225635528564,0.3992554545402527,tensor([0.0260])
716,0.60033118724823,0.3977510333061218,0.3996298015117645,tensor([0.0298])
717,0.6003733277320862,0.39793676137924194,0.39988577365875244,tensor([0.0242])
718,0.6011874675750732,0.3960757255554199,0.397832453250885,tensor([0.0226])
719,0.6006579399108887,0.3963719308376312,0.3983475863933563,tensor([0.0265])
720,0.6006365418434143,0.39857015013694763,0.40033960342407227,tensor([0.0277])
721,0.6000505685806274,0.39665043354034424,0.39864876866340637,tensor([0.0266])
722,0.6006864309310913,0.3936743438243866,0.3955298662185669,tensor([0.0229])
723,0.600166916847229,0.39417803287506104,0.3962642550468445,tensor([0.0242])
724,0.6008828282356262,0.3905767500400543,0.39251261949539185,tensor([0.0208])
725,0.6000896096229553,0.3950297236442566,0.3971426486968994,tensor([0.0244])
726,0.599884033203125,0.39307940006256104,0.39502376317977905,tensor([0.0225])
727,0.6010199785232544,0.39114272594451904,0.3929843604564667,tensor([0.0215])
728,0.5997798442840576,0.3931874632835388,0.3951238691806793,tensor([0.0247])
729,0.599971354007721,0.3898071050643921,0.3917185068130493,tensor([0.0201])
730,0.6001127362251282,0.39210590720176697,0.3940095603466034,tensor([0.0236])
731,0.6000190377235413,0.3903506398200989,0.39230647683143616,tensor([0.0208])
732,0.5996665954589844,0.3882170021533966,0.39029330015182495,tensor([0.0201])
